Article_ID,x,y
0,0.535261,0.624845
1,0.207523,0.831602
2,0.403675,0.547998
